{"images/.DS_Store":["images/.DS_Store"],"images/guide_logo.jpg":["images/guide_logo.jpg"],"images/guide_logo.png":["images/guide_logo.png"],"images/ic_theme.png":["images/ic_theme.png"],"images/lombok.jpeg":["images/lombok.jpeg"],"images/nb_chineseFlag.png":["images/nb_chineseFlag.png"],"images/nb_english.png":["images/nb_english.png"],"images/nb_facebook_image.png":["images/nb_facebook_image.png"],"images/nb_fashionCategory.jpg":["images/nb_fashionCategory.jpg"],"images/nb_french.png":["images/nb_french.png"],"images/nb_google_image.png":["images/nb_google_image.png"],"images/nb_melayu.png":["images/nb_melayu.png"],"images/nb_newsImage1.jpg":["images/nb_newsImage1.jpg"],"images/nb_newsImage2.jpg":["images/nb_newsImage2.jpg"],"images/nb_profile.jpeg":["images/nb_profile.jpeg"],"images/nb_refreshNext_icon.png":["images/nb_refreshNext_icon.png"],"images/nb_refresh_icon.png":["images/nb_refresh_icon.png"],"images/nb_spain.png":["images/nb_spain.png"],"images/nb_splash_image.png":["images/nb_splash_image.png"],"images/nb_sportsImage1.jpeg":["images/nb_sportsImage1.jpeg"],"images/nb_sportsImage1.jpg":["images/nb_sportsImage1.jpg"],"images/nb_sportsImage2.jpeg":["images/nb_sportsImage2.jpeg"],"images/placeholder.jpg":["images/placeholder.jpg"],"images/raja-ampat.jpeg":["images/raja-ampat.jpeg"],"images/travel-alone.jpg":["images/travel-alone.jpg"],"images/travel-world.jpg":["images/travel-world.jpg"],"packages/cupertino_icons/assets/CupertinoIcons.ttf":["packages/cupertino_icons/assets/CupertinoIcons.ttf"],"packages/flutter_vector_icons/fonts/AntDesign.ttf":["packages/flutter_vector_icons/fonts/AntDesign.ttf"],"packages/flutter_vector_icons/fonts/Entypo.ttf":["packages/flutter_vector_icons/fonts/Entypo.ttf"],"packages/flutter_vector_icons/fonts/EvilIcons.ttf":["packages/flutter_vector_icons/fonts/EvilIcons.ttf"],"packages/flutter_vector_icons/fonts/Feather.ttf":["packages/flutter_vector_icons/fonts/Feather.ttf"],"packages/flutter_vector_icons/fonts/FontAwesome.ttf":["packages/flutter_vector_icons/fonts/FontAwesome.ttf"],"packages/flutter_vector_icons/fonts/FontAwesome5_Brands.ttf":["packages/flutter_vector_icons/fonts/FontAwesome5_Brands.ttf"],"packages/flutter_vector_icons/fonts/FontAwesome5_Regular.ttf":["packages/flutter_vector_icons/fonts/FontAwesome5_Regular.ttf"],"packages/flutter_vector_icons/fonts/FontAwesome5_Solid.ttf":["packages/flutter_vector_icons/fonts/FontAwesome5_Solid.ttf"],"packages/flutter_vector_icons/fonts/Fontisto.ttf":["packages/flutter_vector_icons/fonts/Fontisto.ttf"],"packages/flutter_vector_icons/fonts/Foundation.ttf":["packages/flutter_vector_icons/fonts/Foundation.ttf"],"packages/flutter_vector_icons/fonts/Ionicons.ttf":["packages/flutter_vector_icons/fonts/Ionicons.ttf"],"packages/flutter_vector_icons/fonts/MaterialCommunityIcons.ttf":["packages/flutter_vector_icons/fonts/MaterialCommunityIcons.ttf"],"packages/flutter_vector_icons/fonts/MaterialIcons.ttf":["packages/flutter_vector_icons/fonts/MaterialIcons.ttf"],"packages/flutter_vector_icons/fonts/Octicons.ttf":["packages/flutter_vector_icons/fonts/Octicons.ttf"],"packages/flutter_vector_icons/fonts/SimpleLineIcons.ttf":["packages/flutter_vector_icons/fonts/SimpleLineIcons.ttf"],"packages/flutter_vector_icons/fonts/Zocial.ttf":["packages/flutter_vector_icons/fonts/Zocial.ttf"],"packages/fluttertoast/assets/toastify.css":["packages/fluttertoast/assets/toastify.css"],"packages/fluttertoast/assets/toastify.js":["packages/fluttertoast/assets/toastify.js"],"packages/nb_utils/fonts/LineAwesome.ttf":["packages/nb_utils/fonts/LineAwesome.ttf"]}